Delta,Time,CPU_FREQUENCY_0,CPU_FREQUENCY_1,CPU_FREQUENCY_10,CPU_FREQUENCY_11,CPU_FREQUENCY_2,CPU_FREQUENCY_3,CPU_FREQUENCY_4,CPU_FREQUENCY_5,CPU_FREQUENCY_6,CPU_FREQUENCY_7,CPU_FREQUENCY_8,CPU_FREQUENCY_9,CPU_TEMP_0,CPU_TEMP_1,CPU_TEMP_2,CPU_TEMP_3,CPU_TEMP_4,CPU_TEMP_5,CPU_USAGE_0,CPU_USAGE_1,CPU_USAGE_10,CPU_USAGE_11,CPU_USAGE_2,CPU_USAGE_3,CPU_USAGE_4,CPU_USAGE_5,CPU_USAGE_6,CPU_USAGE_7,CPU_USAGE_8,CPU_USAGE_9,SYSTEM_POWER (Watts),TOTAL_MEMORY,TOTAL_SWAP,USED_MEMORY,USED_SWAP
0,1728913443625,2600,2600,2600,2600,2600,2600,2600,2600,2600,2600,2600,2600,65,67,64,64,62,63,50,0,0,0,0,0,0,0,0,0,0,0,42.00405502319336,17179869184,2147483648,11534667776,801112064
207,1728913443625,2600,2600,2600,2600,2600,2600,2600,2600,2600,2600,2600,2600,65,67,64,64,62,63,0,0,0,0,0,0,0,0,100,0,0,0,42.00405502319336,17179869184,2147483648,11534782464,801112064
14,1728913443833,2600,2600,2600,2600,2600,2600,2600,2600,2600,2600,2600,2600,65,67,64,64,62,63,14.285715103149414,0,0,0,27.272727966308594,0,38.095237731933594,0,9.523809432983398,0,0,0,42.00405502319336,17179869184,2147483648,11529342976,801112064
