Delta,Time,CPU_FREQUENCY_0,CPU_FREQUENCY_1,CPU_FREQUENCY_10,CPU_FREQUENCY_11,CPU_FREQUENCY_2,CPU_FREQUENCY_3,CPU_FREQUENCY_4,CPU_FREQUENCY_5,CPU_FREQUENCY_6,CPU_FREQUENCY_7,CPU_FREQUENCY_8,CPU_FREQUENCY_9,CPU_TEMP_0,CPU_TEMP_1,CPU_TEMP_2,CPU_TEMP_3,CPU_TEMP_4,CPU_TEMP_5,CPU_USAGE_0,CPU_USAGE_1,CPU_USAGE_10,CPU_USAGE_11,CPU_USAGE_2,CPU_USAGE_3,CPU_USAGE_4,CPU_USAGE_5,CPU_USAGE_6,CPU_USAGE_7,CPU_USAGE_8,CPU_USAGE_9,SYSTEM_POWER (Watts),TOTAL_MEMORY,TOTAL_SWAP,USED_MEMORY,USED_SWAP
0,1728924352748,2600,2600,2600,2600,2600,2600,2600,2600,2600,2600,2600,2600,68,70,67,68,65,66,50,0,0,0,0,0,0,0,0,0,0,0,50.75341796875,17179869184,2147483648,11171328000,750256128
202,1728924352748,2600,2600,2600,2600,2600,2600,2600,2600,2600,2600,2600,2600,68,70,67,68,65,66,0,0,0,0,50,0,50,0,0,0,0,0,50.75341796875,17179869184,2147483648,11171151872,750256128
15,1728924352951,2600,2600,2600,2600,2600,2600,2600,2600,2600,2600,2600,2600,73,72,74,72,73,72,45,0,19.047618865966797,0,20,0,23.809524536132813,0,28.571430206298828,0,45,0,50.75341796875,17179869184,2147483648,11174797312,750256128
