Delta,Time,CPU_FREQUENCY_0,CPU_FREQUENCY_1,CPU_FREQUENCY_10,CPU_FREQUENCY_11,CPU_FREQUENCY_2,CPU_FREQUENCY_3,CPU_FREQUENCY_4,CPU_FREQUENCY_5,CPU_FREQUENCY_6,CPU_FREQUENCY_7,CPU_FREQUENCY_8,CPU_FREQUENCY_9,CPU_TEMP_0,CPU_TEMP_1,CPU_TEMP_2,CPU_TEMP_3,CPU_TEMP_4,CPU_TEMP_5,CPU_USAGE_0,CPU_USAGE_1,CPU_USAGE_10,CPU_USAGE_11,CPU_USAGE_2,CPU_USAGE_3,CPU_USAGE_4,CPU_USAGE_5,CPU_USAGE_6,CPU_USAGE_7,CPU_USAGE_8,CPU_USAGE_9,SYSTEM_POWER (Watts),TOTAL_MEMORY,TOTAL_SWAP,USED_MEMORY,USED_SWAP
0,1728870711243,2600,2600,2600,2600,2600,2600,2600,2600,2600,2600,2600,2600,69,71,69,69,67,67,50,0,0,0,0,0,0,0,33.333335876464844,0,0,0,41.63090515136719,17179869184,2147483648,10692370432,406323200
202,1728870711244,2600,2600,2600,2600,2600,2600,2600,2600,2600,2600,2600,2600,69,71,69,69,67,67,100,0,0,0,50,0,NaN,0,NaN,0,0,0,41.40606689453125,17179869184,2147483648,10692370432,406323200
14,1728870711446,2600,2600,2600,2600,2600,2600,2600,2600,2600,2600,2600,2600,69,71,69,70,67,68,36.842105865478516,0,9.523809432983398,0,20,0,9.523809432983398,4.545454502105713,23.809524536132813,0,9.523809432983398,0,41.40606689453125,17179869184,2147483648,10692370432,406323200
