Delta,Time,CPU_FREQUENCY_0,CPU_FREQUENCY_1,CPU_FREQUENCY_10,CPU_FREQUENCY_11,CPU_FREQUENCY_2,CPU_FREQUENCY_3,CPU_FREQUENCY_4,CPU_FREQUENCY_5,CPU_FREQUENCY_6,CPU_FREQUENCY_7,CPU_FREQUENCY_8,CPU_FREQUENCY_9,CPU_TEMP_0,CPU_TEMP_1,CPU_TEMP_2,CPU_TEMP_3,CPU_TEMP_4,CPU_TEMP_5,CPU_USAGE_0,CPU_USAGE_1,CPU_USAGE_10,CPU_USAGE_11,CPU_USAGE_2,CPU_USAGE_3,CPU_USAGE_4,CPU_USAGE_5,CPU_USAGE_6,CPU_USAGE_7,CPU_USAGE_8,CPU_USAGE_9,SYSTEM_POWER (Watts),TOTAL_MEMORY,TOTAL_SWAP,USED_MEMORY,USED_SWAP
0,1728919807755,2600,2600,2600,2600,2600,2600,2600,2600,2600,2600,2600,2600,66,67,64,65,64,64,100,100,100,50,100,50,100,0,100,0,100,66.66667175292969,50.33346176147461,17179869184,2147483648,10951458816,1723596800
202,1728919807755,2600,2600,2600,2600,2600,2600,2600,2600,2600,2600,2600,2600,66,67,64,65,64,64,100,0,50,0,66.66667175292969,0,50,0,100,0,66.66667175292969,0,50.33346176147461,17179869184,2147483648,10952335360,1723596800
199,1728919807959,2600,2600,2600,2600,2600,2600,2600,2600,2600,2600,2600,2600,70,72,69,73,67,68,85.71428680419922,15.789472579956055,76.19047546386719,25,78.94737243652344,25,80,27.272727966308594,84.21052551269531,25,73.68421173095703,25,50.33346176147461,17179869184,2147483648,10967879680,1723596800
13,1728919808159,2600,2600,2600,2600,2600,2600,2600,2600,2600,2600,2600,2600,70,72,69,73,67,68,63.15789031982422,10,52.6315803527832,15.000000953674316,60.000003814697266,15.000000953674316,57.894737243652344,15.789472579956055,54.54545593261719,20,55,15.789472579956055,40.916866302490234,17179869184,2147483648,10988695552,1723596800
