Delta,Time,CPU_FREQUENCY_0,CPU_FREQUENCY_1,CPU_FREQUENCY_10,CPU_FREQUENCY_11,CPU_FREQUENCY_2,CPU_FREQUENCY_3,CPU_FREQUENCY_4,CPU_FREQUENCY_5,CPU_FREQUENCY_6,CPU_FREQUENCY_7,CPU_FREQUENCY_8,CPU_FREQUENCY_9,CPU_TEMP_0,CPU_TEMP_1,CPU_TEMP_2,CPU_TEMP_3,CPU_TEMP_4,CPU_TEMP_5,CPU_USAGE_0,CPU_USAGE_1,CPU_USAGE_10,CPU_USAGE_11,CPU_USAGE_2,CPU_USAGE_3,CPU_USAGE_4,CPU_USAGE_5,CPU_USAGE_6,CPU_USAGE_7,CPU_USAGE_8,CPU_USAGE_9,SYSTEM_POWER (Watts),TOTAL_MEMORY,TOTAL_SWAP,USED_MEMORY,USED_SWAP
0,1728872286053,2600,2600,2600,2600,2600,2600,2600,2600,2600,2600,2600,2600,70,73,69,70,67,69,100,0,0,0,0,0,50,0,0,0,0,0,40.71507263183594,17179869184,2147483648,10754805760,406323200
204,1728872286053,2600,2600,2600,2600,2600,2600,2600,2600,2600,2600,2600,2600,70,73,69,70,67,69,100,0,0,0,50,0,0,0,0,0,0,0,40.71507263183594,17179869184,2147483648,10755059712,406323200
15,1728872286258,2600,2600,2600,2600,2600,2600,2600,2600,2600,2600,2600,2600,70,73,69,70,67,69,35,0,25,0,15.000000953674316,0,20,0,4.761904716491699,0,4.761904716491699,0,40.71507263183594,17179869184,2147483648,10755059712,406323200
