Delta,Time,CPU_FREQUENCY_0,CPU_FREQUENCY_1,CPU_FREQUENCY_10,CPU_FREQUENCY_11,CPU_FREQUENCY_2,CPU_FREQUENCY_3,CPU_FREQUENCY_4,CPU_FREQUENCY_5,CPU_FREQUENCY_6,CPU_FREQUENCY_7,CPU_FREQUENCY_8,CPU_FREQUENCY_9,CPU_TEMP_0,CPU_TEMP_1,CPU_TEMP_2,CPU_TEMP_3,CPU_TEMP_4,CPU_TEMP_5,CPU_USAGE_0,CPU_USAGE_1,CPU_USAGE_10,CPU_USAGE_11,CPU_USAGE_2,CPU_USAGE_3,CPU_USAGE_4,CPU_USAGE_5,CPU_USAGE_6,CPU_USAGE_7,CPU_USAGE_8,CPU_USAGE_9,SYSTEM_POWER (Watts),TOTAL_MEMORY,TOTAL_SWAP,USED_MEMORY,USED_SWAP
0,1729180151389,2600,2600,2600,2600,2600,2600,2600,2600,2600,2600,2600,2600,62,64,60,61,60,60,66.66667175292969,0,0,0,0,0,0,0,0,0,0,0,32.63231658935547,17179869184,4294967296,11226767360,3069181952
202,1729180151389,2600,2600,2600,2600,2600,2600,2600,2600,2600,2600,2600,2600,62,64,60,61,60,60,NaN,0,0,0,0,0,50,0,NaN,0,0,0,32.63231658935547,17179869184,4294967296,11226767360,3069181952
14,1729180151592,2600,2600,2600,2600,2600,2600,2600,2600,2600,2600,2600,2600,62,64,60,61,60,60,30.000001907348633,0,9.523809432983398,0,28.571430206298828,0,5.263157844543457,0,14.285715103149414,0,0,0,22.479249954223633,17179869184,4294967296,11226767360,3069181952
