Delta,Time,CPU_FREQUENCY_0,CPU_FREQUENCY_1,CPU_FREQUENCY_10,CPU_FREQUENCY_11,CPU_FREQUENCY_2,CPU_FREQUENCY_3,CPU_FREQUENCY_4,CPU_FREQUENCY_5,CPU_FREQUENCY_6,CPU_FREQUENCY_7,CPU_FREQUENCY_8,CPU_FREQUENCY_9,CPU_TEMP_0,CPU_TEMP_1,CPU_TEMP_2,CPU_TEMP_3,CPU_TEMP_4,CPU_TEMP_5,CPU_USAGE_0,CPU_USAGE_1,CPU_USAGE_10,CPU_USAGE_11,CPU_USAGE_2,CPU_USAGE_3,CPU_USAGE_4,CPU_USAGE_5,CPU_USAGE_6,CPU_USAGE_7,CPU_USAGE_8,CPU_USAGE_9,SYSTEM_POWER (Watts),TOTAL_MEMORY,TOTAL_SWAP,USED_MEMORY,USED_SWAP
0,1728866111783,2600,2600,2600,2600,2600,2600,2600,2600,2600,2600,2600,2600,71,72,70,70,68,69,50,0,0,0,0,0,NaN,0,0,0,0,0,40.43150329589844,17179869184,2147483648,10948284416,473432064
208,1728866111784,2600,2600,2600,2600,2600,2600,2600,2600,2600,2600,2600,2600,71,72,70,70,68,69,100,0,0,0,50,0,50,0,0,0,0,0,40.43150329589844,17179869184,2147483648,10942984192,473432064
18,1728866111992,2600,2600,2600,2600,2600,2600,2600,2600,2600,2600,2600,2600,71,72,70,70,68,69,19.047618865966797,0,4.761904716491699,0,19.047618865966797,0,14.285715103149414,0,38.095237731933594,0,13.636363983154297,0,40.43150329589844,17179869184,2147483648,10942984192,473432064
