Delta,Time,CPU_FREQUENCY_0,CPU_FREQUENCY_1,CPU_FREQUENCY_10,CPU_FREQUENCY_11,CPU_FREQUENCY_2,CPU_FREQUENCY_3,CPU_FREQUENCY_4,CPU_FREQUENCY_5,CPU_FREQUENCY_6,CPU_FREQUENCY_7,CPU_FREQUENCY_8,CPU_FREQUENCY_9,CPU_TEMP_0,CPU_TEMP_1,CPU_TEMP_2,CPU_TEMP_3,CPU_TEMP_4,CPU_TEMP_5,CPU_USAGE_0,CPU_USAGE_1,CPU_USAGE_10,CPU_USAGE_11,CPU_USAGE_2,CPU_USAGE_3,CPU_USAGE_4,CPU_USAGE_5,CPU_USAGE_6,CPU_USAGE_7,CPU_USAGE_8,CPU_USAGE_9,SYSTEM_POWER (Watts),TOTAL_MEMORY,TOTAL_SWAP,USED_MEMORY,USED_SWAP
0,1728913445251,2600,2600,2600,2600,2600,2600,2600,2600,2600,2600,2600,2600,63,65,62,63,62,62,66.66667175292969,0,0,0,0,0,66.66667175292969,0,0,0,50,0,17.318517684936523,17179869184,2147483648,11527532544,801112064
202,1728913445251,2600,2600,2600,2600,2600,2600,2600,2600,2600,2600,2600,2600,63,65,62,63,62,62,50,0,0,0,0,0,NaN,0,0,0,0,0,17.318517684936523,17179869184,2147483648,11527532544,801112064
22,1728913445454,2600,2600,2600,2600,2600,2600,2600,2600,2600,2600,2600,2600,63,65,62,63,62,62,15.789472579956055,0,9.090909004211426,0,15.000000953674316,0,33.333335876464844,0,23.809524536132813,0,0,0,17.318517684936523,17179869184,2147483648,11527532544,801112064
