Delta,Time,CPU_FREQUENCY_0,CPU_FREQUENCY_1,CPU_FREQUENCY_10,CPU_FREQUENCY_11,CPU_FREQUENCY_2,CPU_FREQUENCY_3,CPU_FREQUENCY_4,CPU_FREQUENCY_5,CPU_FREQUENCY_6,CPU_FREQUENCY_7,CPU_FREQUENCY_8,CPU_FREQUENCY_9,CPU_TEMP_0,CPU_TEMP_1,CPU_TEMP_2,CPU_TEMP_3,CPU_TEMP_4,CPU_TEMP_5,CPU_USAGE_0,CPU_USAGE_1,CPU_USAGE_10,CPU_USAGE_11,CPU_USAGE_2,CPU_USAGE_3,CPU_USAGE_4,CPU_USAGE_5,CPU_USAGE_6,CPU_USAGE_7,CPU_USAGE_8,CPU_USAGE_9,SYSTEM_POWER (Watts),TOTAL_MEMORY,TOTAL_SWAP,USED_MEMORY,USED_SWAP
0,1728917154179,2600,2600,2600,2600,2600,2600,2600,2600,2600,2600,2600,2600,79,80,76,79,79,78,100,0,0,0,50,0,100,0,50,0,50,0,65.37860870361328,17179869184,2147483648,11207569408,947912704
204,1728917154179,2600,2600,2600,2600,2600,2600,2600,2600,2600,2600,2600,2600,79,80,76,79,79,78,100,0,100,0,50,0,50,0,50,50,0,0,65.37860870361328,17179869184,2147483648,11207569408,947912704
201,1728917154384,2600,2600,2600,2600,2600,2600,2600,2600,2600,2600,2600,2600,79,80,76,79,79,78,71.42857360839844,0,52.38095474243164,5,55,4.761904716491699,60.000003814697266,5,52.38095474243164,0,47.619049072265625,0,65.37860870361328,17179869184,2147483648,11207569408,947912704
15,1728917154586,2600,2600,2600,2600,2600,2600,2600,2600,2600,2600,2600,2600,79,80,76,79,79,78,76.19047546386719,0,25,0,47.36842346191406,0,50,0,42.105262756347656,4.761904716491699,42.85714340209961,0,65.37860870361328,17179869184,2147483648,11207569408,947912704
