Delta,Time,CPU_FREQUENCY_0,CPU_FREQUENCY_1,CPU_FREQUENCY_10,CPU_FREQUENCY_11,CPU_FREQUENCY_2,CPU_FREQUENCY_3,CPU_FREQUENCY_4,CPU_FREQUENCY_5,CPU_FREQUENCY_6,CPU_FREQUENCY_7,CPU_FREQUENCY_8,CPU_FREQUENCY_9,CPU_TEMP_0,CPU_TEMP_1,CPU_TEMP_2,CPU_TEMP_3,CPU_TEMP_4,CPU_TEMP_5,CPU_USAGE_0,CPU_USAGE_1,CPU_USAGE_10,CPU_USAGE_11,CPU_USAGE_2,CPU_USAGE_3,CPU_USAGE_4,CPU_USAGE_5,CPU_USAGE_6,CPU_USAGE_7,CPU_USAGE_8,CPU_USAGE_9,SYSTEM_POWER (Watts),TOTAL_MEMORY,TOTAL_SWAP,USED_MEMORY,USED_SWAP
0,1728921371479,2600,2600,2600,2600,2600,2600,2600,2600,2600,2600,2600,2600,61,62,61,60,59,60,100,0,0,0,50,0,50,0,0,0,0,0,40.820953369140625,17179869184,2147483648,10886160384,1152909312
208,1728921371480,2600,2600,2600,2600,2600,2600,2600,2600,2600,2600,2600,2600,61,62,61,60,59,60,50,0,0,0,0,0,0,0,100,0,0,0,40.820953369140625,17179869184,2147483648,10885775360,1152909312
19,1728921371689,2600,2600,2600,2600,2600,2600,2600,2600,2600,2600,2600,2600,61,62,61,60,59,60,38.095237731933594,0,4.761904716491699,0,14.285715103149414,0,4.761904716491699,0,18.18181800842285,0,15.000000953674316,0,40.820953369140625,17179869184,2147483648,10883940352,1152909312
