Delta,Time,CPU_FREQUENCY_0,CPU_FREQUENCY_1,CPU_FREQUENCY_10,CPU_FREQUENCY_11,CPU_FREQUENCY_2,CPU_FREQUENCY_3,CPU_FREQUENCY_4,CPU_FREQUENCY_5,CPU_FREQUENCY_6,CPU_FREQUENCY_7,CPU_FREQUENCY_8,CPU_FREQUENCY_9,CPU_TEMP_0,CPU_TEMP_1,CPU_TEMP_2,CPU_TEMP_3,CPU_TEMP_4,CPU_TEMP_5,CPU_USAGE_0,CPU_USAGE_1,CPU_USAGE_10,CPU_USAGE_11,CPU_USAGE_2,CPU_USAGE_3,CPU_USAGE_4,CPU_USAGE_5,CPU_USAGE_6,CPU_USAGE_7,CPU_USAGE_8,CPU_USAGE_9,SYSTEM_POWER (Watts),TOTAL_MEMORY,TOTAL_SWAP,USED_MEMORY,USED_SWAP
0,1728927452545,2600,2600,2600,2600,2600,2600,2600,2600,2600,2600,2600,2600,64,66,64,64,63,63,50,0,0,0,0,0,33.333335876464844,0,0,0,0,0,32.34004592895508,17179869184,2147483648,10908692480,716701696
206,1728927452545,2600,2600,2600,2600,2600,2600,2600,2600,2600,2600,2600,2600,64,66,64,64,63,63,50,0,0,0,50,0,100,0,0,0,0,0,32.34004592895508,17179869184,2147483648,10908782592,716701696
14,1728927452753,2600,2600,2600,2600,2600,2600,2600,2600,2600,2600,2600,2600,64,66,64,64,63,63,26.3157901763916,0,10.526315689086914,0,33.333335876464844,0,23.809524536132813,0,14.285715103149414,0,33.333335876464844,0,32.34004592895508,17179869184,2147483648,10913193984,716701696
