Delta,Time,CPU_FREQUENCY_0,CPU_FREQUENCY_1,CPU_FREQUENCY_10,CPU_FREQUENCY_11,CPU_FREQUENCY_2,CPU_FREQUENCY_3,CPU_FREQUENCY_4,CPU_FREQUENCY_5,CPU_FREQUENCY_6,CPU_FREQUENCY_7,CPU_FREQUENCY_8,CPU_FREQUENCY_9,CPU_TEMP_0,CPU_TEMP_1,CPU_TEMP_2,CPU_TEMP_3,CPU_TEMP_4,CPU_TEMP_5,CPU_USAGE_0,CPU_USAGE_1,CPU_USAGE_10,CPU_USAGE_11,CPU_USAGE_2,CPU_USAGE_3,CPU_USAGE_4,CPU_USAGE_5,CPU_USAGE_6,CPU_USAGE_7,CPU_USAGE_8,CPU_USAGE_9,SYSTEM_POWER (Watts),TOTAL_MEMORY,TOTAL_SWAP,USED_MEMORY,USED_SWAP
0,1728910618582,2600,2600,2600,2600,2600,2600,2600,2600,2600,2600,2600,2600,75,76,73,74,73,73,50,0,0,0,0,0,0,0,33.333335876464844,0,0,0,57.353546142578125,17179869184,2147483648,11033960448,935329792
207,1728910618582,2600,2600,2600,2600,2600,2600,2600,2600,2600,2600,2600,2600,75,76,73,74,73,73,NaN,0,50,0,0,0,NaN,0,NaN,0,50,0,57.353546142578125,17179869184,2147483648,11034095616,935329792
13,1728910618790,2600,2600,2600,2600,2600,2600,2600,2600,2600,2600,2600,2600,75,76,73,74,73,73,31.81818199157715,0,4.761904716491699,0,28.571430206298828,0,19.047618865966797,0,14.285715103149414,0,15.000000953674316,0,57.353546142578125,17179869184,2147483648,11034095616,935329792
